Model,MAE,RMSE
Ensemble 2 (GB + HGB),8.521408382209927,11.556062435101689
Ensemble 1 (XGBoost + HGB),8.690244412053847,11.723007344747248
Histogram-based Gradient Boosting (HGB),8.7330551862243,11.854066966822032
Gradient Boosting,9.436161222467177,12.862936522174426
XGBoost,9.965764999389648,13.391208417862257
LightGBM Regressor,9.966007042330533,13.384608466526489
LSTM,13.070963859558105,17.330903005169965
Linear Regression,16.70997711372711,22.485213523533158
