Rank,Model,MAE,RMSE,R²
1,Ensemble 2 (GB + HGB),8.521408382209927,11.556062435101689,0.9395328836976393
2,Ensemble 1 (XGBoost + HGB),8.690244412053847,11.723007344747248,0.9377731850436908
3,Histogram-based Gradient Boosting (HGB),8.7330551862243,11.854066966822032,0.936374054228291
4,Gradient Boosting,9.436161222467177,12.862936522174426,0.9250831081416022
5,LightGBM Regressor,9.966007042330533,13.384608466526489,0.9188831941049155
6,XGBoost,9.965764999389648,13.391208417862257,0.9188031554222107
7,LSTM,13.070963859558105,17.330903005169965,0.86399906873703
8,Linear Regression,16.70997711372711,22.485213523533158,0.7710748378909544
